LCDS-Before-${__jm__LC__idx},200,OK,TG-BL-LC 1-1,text,true
LCDS-0,200,OK,TG-BL-LC 1-1,text,true
LCDS_After_Condition-0,200,OK,TG-BL-LC 1-1,text,true
LCDS-1,200,OK,TG-BL-LC 1-1,text,true
LCDS_After_Condition-1,200,OK,TG-BL-LC 1-1,text,true
LCDS-2,200,OK,TG-BL-LC 1-1,text,true
LCDS_After_Condition-2,200,OK,TG-BL-LC 1-1,text,true
LCDS-3,200,OK,TG-BL-LC 1-1,text,true
LCDS-Before-0,200,OK,TG-BL-LC 1-1,text,true
LCDS-0,200,OK,TG-BL-LC 1-1,text,true
LCDS_After_Condition-0,200,OK,TG-BL-LC 1-1,text,true
LCDS-1,200,OK,TG-BL-LC 1-1,text,true
LCDS_After_Condition-1,200,OK,TG-BL-LC 1-1,text,true
LCDS-2,200,OK,TG-BL-LC 1-1,text,true
LCDS_After_Condition-2,200,OK,TG-BL-LC 1-1,text,true
LCDS-3,200,OK,TG-BL-LC 1-1,text,true
WCDS-BeforeLoop-0,200,OK,TG-BL-WC 2-1,text,true
WCDS-0,200,OK,TG-BL-WC 2-1,text,true
WCDS_After_Condition-0,200,OK,TG-BL-WC 2-1,text,true
WCDS-1,200,OK,TG-BL-WC 2-1,text,true
WCDS_After_Condition-1,200,OK,TG-BL-WC 2-1,text,true
WCDS-2,200,OK,TG-BL-WC 2-1,text,true
WCDS_After_Condition-2,200,OK,TG-BL-WC 2-1,text,true
WCDS-3,200,OK,TG-BL-WC 2-1,text,true
WCDS-BeforeLoop-0,200,OK,TG-BL-WC 2-1,text,true
WCDS-0,200,OK,TG-BL-WC 2-1,text,true
WCDS_After_Condition-0,200,OK,TG-BL-WC 2-1,text,true
WCDS-1,200,OK,TG-BL-WC 2-1,text,true
WCDS_After_Condition-1,200,OK,TG-BL-WC 2-1,text,true
WCDS-2,200,OK,TG-BL-WC 2-1,text,true
WCDS_After_Condition-2,200,OK,TG-BL-WC 2-1,text,true
WCDS-3,200,OK,TG-BL-WC 2-1,text,true
FECDS-0,200,OK,TG-BL-FEC 3-1,text,true
FECDS_After_Condition-0,200,OK,TG-BL-FEC 3-1,text,true
FECDS-1,200,OK,TG-BL-FEC 3-1,text,true
FECDS_After_Condition-1,200,OK,TG-BL-FEC 3-1,text,true
FECDS-2,200,OK,TG-BL-FEC 3-1,text,true
FECDS_After_Condition-2,200,OK,TG-BL-FEC 3-1,text,true
FECDS-3,200,OK,TG-BL-FEC 3-1,text,true
FECDS-0,200,OK,TG-BL-FEC 3-1,text,true
FECDS_After_Condition-0,200,OK,TG-BL-FEC 3-1,text,true
FECDS-1,200,OK,TG-BL-FEC 3-1,text,true
FECDS_After_Condition-1,200,OK,TG-BL-FEC 3-1,text,true
FECDS-2,200,OK,TG-BL-FEC 3-1,text,true
FECDS_After_Condition-2,200,OK,TG-BL-FEC 3-1,text,true
FECDS-3,200,OK,TG-BL-FEC 3-1,text,true
LCDS-Before-${__jm__LC__idx},200,OK,TG-SNIL-LC 4-1,text,true
LCDS-0,200,OK,TG-SNIL-LC 4-1,text,true
LCDS_After_Condition-0,200,OK,TG-SNIL-LC 4-1,text,true
LCDS-1,200,OK,TG-SNIL-LC 4-1,text,true
LCDS_After_Condition-1,200,OK,TG-SNIL-LC 4-1,text,true
LCDS-2,200,OK,TG-SNIL-LC 4-1,text,true
LCDS_After_Condition-2,200,OK,TG-SNIL-LC 4-1,text,true
LCDS-3,200,OK,TG-SNIL-LC 4-1,text,true
LCDS-4,200,OK,TG-SNIL-LC 4-1,text,true
LCDS_After_Condition-4,200,OK,TG-SNIL-LC 4-1,text,true
LCDS-Before-0,200,OK,TG-SNIL-LC 4-1,text,true
LCDS-0,200,OK,TG-SNIL-LC 4-1,text,true
LCDS_After_Condition-0,200,OK,TG-SNIL-LC 4-1,text,true
LCDS-1,200,OK,TG-SNIL-LC 4-1,text,true
LCDS_After_Condition-1,200,OK,TG-SNIL-LC 4-1,text,true
LCDS-2,200,OK,TG-SNIL-LC 4-1,text,true
LCDS_After_Condition-2,200,OK,TG-SNIL-LC 4-1,text,true
LCDS-3,200,OK,TG-SNIL-LC 4-1,text,true
LCDS-4,200,OK,TG-SNIL-LC 4-1,text,true
LCDS_After_Condition-4,200,OK,TG-SNIL-LC 4-1,text,true
WCDS-BeforeLoop-0,200,OK,TG-SNIL-WC 5-1,text,true
WCDS-0,200,OK,TG-SNIL-WC 5-1,text,true
WCDS_After_Condition-0,200,OK,TG-SNIL-WC 5-1,text,true
WCDS-1,200,OK,TG-SNIL-WC 5-1,text,true
WCDS_After_Condition-1,200,OK,TG-SNIL-WC 5-1,text,true
WCDS-2,200,OK,TG-SNIL-WC 5-1,text,true
WCDS_After_Condition-2,200,OK,TG-SNIL-WC 5-1,text,true
WCDS-3,200,OK,TG-SNIL-WC 5-1,text,true
WCDS-4,200,OK,TG-SNIL-WC 5-1,text,true
WCDS_After_Condition-4,200,OK,TG-SNIL-WC 5-1,text,true
WCDS-5,200,OK,TG-SNIL-WC 5-1,text,true
WCDS_After_Condition-5,200,OK,TG-SNIL-WC 5-1,text,true
WCDS-BeforeLoop-0,200,OK,TG-SNIL-WC 5-1,text,true
WCDS-0,200,OK,TG-SNIL-WC 5-1,text,true
WCDS_After_Condition-0,200,OK,TG-SNIL-WC 5-1,text,true
WCDS-1,200,OK,TG-SNIL-WC 5-1,text,true
WCDS_After_Condition-1,200,OK,TG-SNIL-WC 5-1,text,true
WCDS-2,200,OK,TG-SNIL-WC 5-1,text,true
WCDS_After_Condition-2,200,OK,TG-SNIL-WC 5-1,text,true
WCDS-3,200,OK,TG-SNIL-WC 5-1,text,true
WCDS-4,200,OK,TG-SNIL-WC 5-1,text,true
WCDS_After_Condition-4,200,OK,TG-SNIL-WC 5-1,text,true
WCDS-5,200,OK,TG-SNIL-WC 5-1,text,true
WCDS_After_Condition-5,200,OK,TG-SNIL-WC 5-1,text,true
FECDS-0,200,OK,TG-SNIL-FEC 6-1,text,true
FECDS_After_Condition-0,200,OK,TG-SNIL-FEC 6-1,text,true
FECDS-1,200,OK,TG-SNIL-FEC 6-1,text,true
FECDS_After_Condition-1,200,OK,TG-SNIL-FEC 6-1,text,true
FECDS-2,200,OK,TG-SNIL-FEC 6-1,text,true
FECDS_After_Condition-2,200,OK,TG-SNIL-FEC 6-1,text,true
FECDS-3,200,OK,TG-SNIL-FEC 6-1,text,true
FECDS-4,200,OK,TG-SNIL-FEC 6-1,text,true
FECDS_After_Condition-4,200,OK,TG-SNIL-FEC 6-1,text,true
FECDS-0,200,OK,TG-SNIL-FEC 6-1,text,true
FECDS_After_Condition-0,200,OK,TG-SNIL-FEC 6-1,text,true
FECDS-1,200,OK,TG-SNIL-FEC 6-1,text,true
FECDS_After_Condition-1,200,OK,TG-SNIL-FEC 6-1,text,true
FECDS-2,200,OK,TG-SNIL-FEC 6-1,text,true
FECDS_After_Condition-2,200,OK,TG-SNIL-FEC 6-1,text,true
FECDS-3,200,OK,TG-SNIL-FEC 6-1,text,true
FECDS-4,200,OK,TG-SNIL-FEC 6-1,text,true
FECDS_After_Condition-4,200,OK,TG-SNIL-FEC 6-1,text,true
